﻿<?xml version="1.0" encoding="utf-8"?>
<SerializeKunden xmlns:xsi="http://www.w3.org/2001/XMLSchema-instance" xmlns:xsd="http://www.w3.org/2001/XMLSchema">
    <Kunden>
        <SerializeKunde>
			<KundenNr>K123456</KundenNr>
			<Name>Sandra Richter</Name>
			<Strasse>Bleibtreustraße 9b</Strasse>
			<PLZ>10623</PLZ>
			<Ort>Berlin</Ort>
			<Bestellungen>
				<SerializeBestellung>
					<Rechnung>
						<RabattProzent>0.02</RabattProzent>
						<RechnungsNr>R123456</RechnungsNr>
						<RechnungsDatum>2019-12-13T00:00:00</RechnungsDatum>
					</Rechnung>
					<BestellNr>B123456</BestellNr>
					<BestellDatum>2019-12-13T00:00:00</BestellDatum>
					<BestellPositionen>
						<SerializeBestellPosition>
							<PositionsNr>1</PositionsNr>
							<Artikel>
								<ArtikelNr>1030</ArtikelNr>
								<Bezeichnung>Cappuccino</Bezeichnung>
							</Artikel>
							<EinzelPreis>3.4</EinzelPreis>
							<Menge>4</Menge>
						</SerializeBestellPosition>
						<SerializeBestellPosition>
							<PositionsNr>3</PositionsNr>
							<Artikel>
								<ArtikelNr>1115</ArtikelNr>
								<Bezeichnung>Schokoliebe</Bezeichnung>
								<Produkthinweis>Schokoladen- und Vanilleeis mit Eierlikör, Schokoladensoße, hausgemachter Schlagsahne, Schokomandelsplittern und Cookies</Produkthinweis>
							</Artikel>
							<EinzelPreis>6.5</EinzelPreis>
							<Menge>1</Menge>
						</SerializeBestellPosition>
						<SerializeBestellPosition>
							<PositionsNr>2</PositionsNr>
							<Artikel>
								<ArtikelNr>1116</ArtikelNr>
								<Bezeichnung>Pistazien-Eis</Bezeichnung>
								<Produkthinweis>Pistazieneis aus 100% sizilianischen Pistazien (aus Bronte)</Produkthinweis>
							</Artikel>
							<EinzelPreis>3</EinzelPreis>
							<Menge>1</Menge>
						</SerializeBestellPosition>
						<SerializeBestellPosition>
							<PositionsNr>5</PositionsNr>
							<Artikel>
								<ArtikelNr>1050</ArtikelNr>
								<Bezeichnung>Prosecco</Bezeichnung>
								<Produkthinweis>1 Glas Cavalier Blanc de Blanc Brut</Produkthinweis>
							</Artikel>
							<EinzelPreis>3.8</EinzelPreis>
							<Menge>2</Menge>
						</SerializeBestellPosition>
						<SerializeBestellPosition>
							<PositionsNr>4</PositionsNr>
							<Artikel>
								<ArtikelNr>2160</ArtikelNr>
								<Bezeichnung>Bruschetta</Bezeichnung>
								<Produkthinweis>6 Bruschetta mit hausgemachtem Pesto, Tomate, Zwiebel &amp; frischem Parmesan überbacken</Produkthinweis>
							</Artikel>
							<EinzelPreis>4.7</EinzelPreis>
							<Menge>2</Menge>
						</SerializeBestellPosition>
					</BestellPositionen>
				</SerializeBestellung>
			</Bestellungen>
		</SerializeKunde>
        <SerializeKunde>
			<KundenNr>K123457</KundenNr>
			<Name>Ben Bergmann</Name>
			<Strasse>Lietzensee-Ufer 41</Strasse>
			<PLZ>14057</PLZ>
			<Ort>Berlin</Ort>
			<Bestellungen>
				<SerializeBestellung>
					<Rechnung>
						<RabattProzent>0.05</RabattProzent>
						<RechnungsNr>R123457</RechnungsNr>
						<RechnungsDatum>2019-12-14T00:00:00</RechnungsDatum>
					</Rechnung>
					<BestellNr>B123457</BestellNr>
					<BestellDatum>2019-12-14T00:00:00</BestellDatum>
					<BestellPositionen>
						<SerializeBestellPosition>
							<PositionsNr>1</PositionsNr>
							<Artikel>
								<ArtikelNr>1020</ArtikelNr>
								<Bezeichnung>Latte Macchiato</Bezeichnung>
							</Artikel>
							<EinzelPreis>3.4</EinzelPreis>
							<Menge>2</Menge>
						</SerializeBestellPosition>
						<SerializeBestellPosition>
							<PositionsNr>2</PositionsNr>
							<Artikel>
								<ArtikelNr>1118</ArtikelNr>
								<Bezeichnung>Heiß-Kalt</Bezeichnung>
								<Produkthinweis>Vanille- und Schokoladeneis, Espressokaffee und Sahne</Produkthinweis>
							</Artikel>
							<EinzelPreis>3.8</EinzelPreis>
							<Menge>1</Menge>
						</SerializeBestellPosition>
						<SerializeBestellPosition>
							<PositionsNr>3</PositionsNr>
							<Artikel>
								<ArtikelNr>1122</ArtikelNr>
								<Bezeichnung>Pomme Royale</Bezeichnung>
								<Produkthinweis>Warmer Apfelstudel mit Vanilleeis und Rosinen</Produkthinweis>
							</Artikel>
							<EinzelPreis>5.50</EinzelPreis>
							<Menge>2</Menge>
						</SerializeBestellPosition>
						<SerializeBestellPosition>
							<PositionsNr>5</PositionsNr>
							<Artikel>
								<ArtikelNr>3425</ArtikelNr>
								<Bezeichnung>Tutti Frutti</Bezeichnung>
								<Produkthinweis>Vanilleeis mit Obstsalat und frischem Bio-Obst, angebratenen Mandelsplittern und Karamellsoße</Produkthinweis>
							</Artikel>
							<EinzelPreis>6</EinzelPreis>
							<Menge>1</Menge>
						</SerializeBestellPosition>
						<SerializeBestellPosition>
							<PositionsNr>4</PositionsNr>
							<Artikel>
								<ArtikelNr>1010</ArtikelNr>
								<Bezeichnung>Stilles Wasser</Bezeichnung>
							</Artikel>
							<EinzelPreis>0.80</EinzelPreis>
							<Menge>1</Menge>
						</SerializeBestellPosition>
					</BestellPositionen>
				</SerializeBestellung>
			</Bestellungen>
		</SerializeKunde>
	    <SerializeKunde>
			<KundenNr>K123458</KundenNr>
			<Name>Anja Rothschild</Name>
			<Strasse>Flughafenstrasse 4</Strasse>
			<PLZ>10243</PLZ>
			<Ort>Berlin</Ort>
			<Bestellungen>
				<SerializeBestellung>
					<Rechnung>
						<RabattProzent>0.02</RabattProzent>
						<RechnungsNr>R123458</RechnungsNr>
						<RechnungsDatum>2019-12-14T00:00:00</RechnungsDatum>
					</Rechnung>
					<BestellNr>B123458</BestellNr>
					<BestellDatum>2019-12-14T00:00:00</BestellDatum>
					<BestellPositionen>
						<SerializeBestellPosition>
							<PositionsNr>1</PositionsNr>
							<Artikel>
								<ArtikelNr>1050</ArtikelNr>
								<Bezeichnung>Grapefruitsaft</Bezeichnung>
							</Artikel>
							<EinzelPreis>2.50</EinzelPreis>
							<Menge>1</Menge>
						</SerializeBestellPosition>
						<SerializeBestellPosition>
							<PositionsNr>2</PositionsNr>
							<Artikel>
								<ArtikelNr>1159</ArtikelNr>
								<Bezeichnung>Tokio</Bezeichnung>
							</Artikel>
							<EinzelPreis>3.50</EinzelPreis>
							<Menge>1</Menge>
						</SerializeBestellPosition>
					</BestellPositionen>
				</SerializeBestellung>
			</Bestellungen>
		</SerializeKunde>
	    <SerializeKunde>
			<KundenNr>K123459</KundenNr>
			<Name>Oskar von Seggern</Name>
			<Strasse>Blaschkoallee 3a</Strasse>
			<PLZ>12359</PLZ>
			<Ort>Berlin</Ort>
			<Bestellungen>
				<SerializeBestellung>
					<Rechnung>
						<RabattProzent>0.02</RabattProzent>
						<RechnungsNr>R123459</RechnungsNr>
						<RechnungsDatum>2019-12-14T00:00:00</RechnungsDatum>
					</Rechnung>
					<BestellNr>B123459</BestellNr>
					<BestellDatum>2019-12-14T00:00:00</BestellDatum>
					<BestellPositionen>
						<SerializeBestellPosition>
							<PositionsNr>1</PositionsNr>
							<Artikel>
								<ArtikelNr>1030</ArtikelNr>
								<Bezeichnung>Cappuccino</Bezeichnung>
							</Artikel>
							<EinzelPreis>3.5</EinzelPreis>
							<Menge>2</Menge>
						</SerializeBestellPosition>
						<SerializeBestellPosition>
							<PositionsNr>3</PositionsNr>
							<Artikel>
								<ArtikelNr>1123</ArtikelNr>
								<Bezeichnung>Delight</Bezeichnung>
								<Produkthinweis>Käsekuchen mit Heidelbeer-Joghurteis, karamellisierten Mandelsplittern und Schlagsahne</Produkthinweis>
							</Artikel>
							<EinzelPreis>4.80</EinzelPreis>
							<Menge>1</Menge>
						</SerializeBestellPosition>
						<SerializeBestellPosition>
							<PositionsNr>2</PositionsNr>
							<Artikel>
								<ArtikelNr>1133</ArtikelNr>
								<Bezeichnung>Death of Chocolate</Bezeichnung>
								<Produkthinweis>Schokokuchen mit Schokoladeneis, Crème de Cassis und Schlagsahne</Produkthinweis>
							</Artikel>
							<EinzelPreis>4.4</EinzelPreis>
							<Menge>1</Menge>
						</SerializeBestellPosition>
					</BestellPositionen>
				</SerializeBestellung>
			</Bestellungen>
		</SerializeKunde>
	    <SerializeKunde>
			<KundenNr>K123460</KundenNr>
			<Name>Lisa Kettwich</Name>
			<Strasse>Buschkrugallee 1</Strasse>
			<PLZ>12359</PLZ>
			<Ort>Berlin</Ort>
			<Bestellungen>
				<SerializeBestellung>
					<Rechnung>
						<RabattProzent>0.02</RabattProzent>
						<RechnungsNr>R123460</RechnungsNr>
						<RechnungsDatum>2019-12-15T00:00:00</RechnungsDatum>
					</Rechnung>
					<BestellNr>B123460</BestellNr>
					<BestellDatum>2019-12-15T00:00:00</BestellDatum>
					<BestellPositionen>
						<SerializeBestellPosition>
							<PositionsNr>1</PositionsNr>
							<Artikel>
								<ArtikelNr>9836</ArtikelNr>
								<Bezeichnung>Cappuccino</Bezeichnung>
							</Artikel>
							<EinzelPreis>3.5</EinzelPreis>
							<Menge>4</Menge>
						</SerializeBestellPosition>
						<SerializeBestellPosition>
							<PositionsNr>2</PositionsNr>
							<Artikel>
								<ArtikelNr>1010</ArtikelNr>
								<Bezeichnung>Stilles Wasser</Bezeichnung>
							</Artikel>
							<EinzelPreis>0.8</EinzelPreis>
							<Menge>4</Menge>
						</SerializeBestellPosition>
						<SerializeBestellPosition>
							<PositionsNr>3</PositionsNr>
							<Artikel>
								<ArtikelNr>1020</ArtikelNr>
								<Bezeichnung>Latte Macchiato</Bezeichnung>
							</Artikel>
							<EinzelPreis>3.5</EinzelPreis>
							<Menge>4</Menge>
						</SerializeBestellPosition>
					</BestellPositionen>
				</SerializeBestellung>
			</Bestellungen>
		</SerializeKunde>
	    <SerializeKunde>
			<KundenNr>K123461</KundenNr>
			<Name>Ella Trenteweg</Name>
			<Strasse>Malchiner Straße 8</Strasse>
			<PLZ>12359</PLZ>
			<Ort>Berlin</Ort>
			<Bestellungen>
				<SerializeBestellung>
					<Rechnung>
						<RabattProzent>0.02</RabattProzent>
						<RechnungsNr>R123461</RechnungsNr>
						<RechnungsDatum>2019-12-15T00:00:00</RechnungsDatum>
					</Rechnung>
					<BestellNr>B123461</BestellNr>
					<BestellDatum>2019-12-15T00:00:00</BestellDatum>
					<BestellPositionen>
						<SerializeBestellPosition>
							<PositionsNr>1</PositionsNr>
							<Artikel>
								<ArtikelNr>1030</ArtikelNr>
								<Bezeichnung>Cappuccino</Bezeichnung>
							</Artikel>
							<EinzelPreis>3.4</EinzelPreis>
							<Menge>2</Menge>
						</SerializeBestellPosition>
					</BestellPositionen>
				</SerializeBestellung>
			</Bestellungen>
		</SerializeKunde>
	    <SerializeKunde>
			<KundenNr>K123462</KundenNr>
			<Name>Julian Stratmann</Name>
			<Strasse>Grenzallee 5</Strasse>
			<PLZ>12057</PLZ>
			<Ort>Berlin</Ort>
			<Bestellungen>
				<SerializeBestellung>
					<Rechnung>
						<RabattProzent>0.02</RabattProzent>
						<RechnungsNr>R123462</RechnungsNr>
						<RechnungsDatum>2019-12-15T00:00:00</RechnungsDatum>
					</Rechnung>
					<BestellNr>B123462</BestellNr>
					<BestellDatum>2019-12-15T00:00:00</BestellDatum>
					<BestellPositionen>
						<SerializeBestellPosition>
							<PositionsNr>1</PositionsNr>
							<Artikel>
								<ArtikelNr>1050</ArtikelNr>
								<Bezeichnung>Prosecco</Bezeichnung>
							</Artikel>
							<EinzelPreis>3.8</EinzelPreis>
							<Menge>4</Menge>
						</SerializeBestellPosition>
						<SerializeBestellPosition>
							<PositionsNr>2</PositionsNr>
							<Artikel>
								<ArtikelNr>1122</ArtikelNr>
								<Bezeichnung>Pomme Royale</Bezeichnung>
								<Produkthinweis>Warmer Apfelstudel mit Vanilleeis und Rosinen</Produkthinweis>
							</Artikel>
							<EinzelPreis>5.5</EinzelPreis>
							<Menge>2</Menge>
						</SerializeBestellPosition>				
					</BestellPositionen>
				</SerializeBestellung>
			</Bestellungen>
		</SerializeKunde>
	    <SerializeKunde>
			<KundenNr>K123463</KundenNr>
			<Name>Merlin Seelhorst</Name>
			<Strasse>Späthstraße 6b</Strasse>
			<PLZ>12359</PLZ>
			<Ort>Berlin</Ort>
			<Bestellungen>
				<SerializeBestellung>
					<Rechnung>
						<RabattProzent>0.02</RabattProzent>
						<RechnungsNr>R123463</RechnungsNr>
						<RechnungsDatum>2019-12-16T00:00:00</RechnungsDatum>
					</Rechnung>
					<BestellNr>B123463</BestellNr>
					<BestellDatum>2019-12-16T00:00:00</BestellDatum>
					<BestellPositionen>
						<SerializeBestellPosition>
							<PositionsNr>1</PositionsNr>
							<Artikel>
								<ArtikelNr>1123</ArtikelNr>
								<Bezeichnung>Delight</Bezeichnung>
								<Produkthinweis>Käsekuchen mit Heidelbeer-Joghurteis, karamellisierten Mandelsplittern und Schlagsahne</Produkthinweis>
							</Artikel>
							<EinzelPreis>4.80</EinzelPreis>
							<Menge>2</Menge>
						</SerializeBestellPosition>
					</BestellPositionen>
				</SerializeBestellung>
			</Bestellungen>
		</SerializeKunde>
	    <SerializeKunde>
			<KundenNr>K123464</KundenNr>
			<Name>Jonas Dietrich</Name>
			<Strasse>Zimmererweg 3</Strasse>
			<PLZ>12351</PLZ>
			<Ort>Berlin</Ort>
			<Bestellungen>
				<SerializeBestellung>
					<Rechnung>
						<RabattProzent>0.02</RabattProzent>
						<RechnungsNr>R123464</RechnungsNr>
						<RechnungsDatum>2019-12-16T00:00:00</RechnungsDatum>
					</Rechnung>
					<BestellNr>B123464</BestellNr>
					<BestellDatum>2019-12-16T00:00:00</BestellDatum>
					<BestellPositionen>
						<SerializeBestellPosition>
							<PositionsNr>1</PositionsNr>
							<Artikel>
								<ArtikelNr>9836</ArtikelNr>
								<Bezeichnung>Cappuccino</Bezeichnung>
							</Artikel>
							<EinzelPreis>3.5</EinzelPreis>
							<Menge>2</Menge>
						</SerializeBestellPosition>
						<SerializeBestellPosition>
							<PositionsNr>3</PositionsNr>
							<Artikel>
								<ArtikelNr>1115</ArtikelNr>
								<Bezeichnung>Schokoliebe</Bezeichnung>
								<Produkthinweis>Schokoladen- und Vanilleeis mit Eierlikör, Schokoladensoße, hausgemachter Schlagsahne, Schokomandelsplittern und Cookies</Produkthinweis>
							</Artikel>
							<EinzelPreis>6.5</EinzelPreis>
							<Menge>1</Menge>
						</SerializeBestellPosition>
						<SerializeBestellPosition>
							<PositionsNr>2</PositionsNr>
							<Artikel>
								<ArtikelNr>1150</ArtikelNr>
								<Bezeichnung>Kaiserscharrn mit Vanilleeis und Kirschen</Bezeichnung>
								<Produkthinweis>hausgemachter Kaiserscharrn</Produkthinweis>
							</Artikel>
							<EinzelPreis>6.50</EinzelPreis>
							<Menge>1</Menge>
						</SerializeBestellPosition>
					</BestellPositionen>
				</SerializeBestellung>
			</Bestellungen>
		</SerializeKunde>
	    <SerializeKunde>
			<KundenNr>K123465</KundenNr>
			<Name>Sophie Ahrens</Name>
			<Strasse>Marientaler Straße 3c</Strasse>
			<PLZ>12359</PLZ>
			<Ort>Berlin</Ort>
			<Bestellungen>
				<SerializeBestellung>
					<Rechnung>
						<RabattProzent>0.02</RabattProzent>
						<RechnungsNr>R123465</RechnungsNr>
						<RechnungsDatum>2019-12-16T00:00:00</RechnungsDatum>
					</Rechnung>
					<BestellNr>B123465</BestellNr>
					<BestellDatum>2019-12-16T00:00:00</BestellDatum>
					<BestellPositionen>
						<SerializeBestellPosition>
							<PositionsNr>1</PositionsNr>
							<Artikel>
								<ArtikelNr>9836</ArtikelNr>
								<Bezeichnung>Cappuccino</Bezeichnung>
							</Artikel>
							<EinzelPreis>3.5</EinzelPreis>
							<Menge>1</Menge>
						</SerializeBestellPosition>
						<SerializeBestellPosition>
							<PositionsNr>3</PositionsNr>
							<Artikel>
								<ArtikelNr>1115</ArtikelNr>
								<Bezeichnung>Schokoliebe</Bezeichnung>
								<Produkthinweis>Schokoladen- und Vanilleeis mit Eierlikör, Schokoladensoße, hausgemachter Schlagsahne, Schokomandelsplittern und Cookies</Produkthinweis>
							</Artikel>
							<EinzelPreis>6.5</EinzelPreis>
							<Menge>1</Menge>
						</SerializeBestellPosition>
						<SerializeBestellPosition>
							<PositionsNr>2</PositionsNr>
							<Artikel>
								<ArtikelNr>1548</ArtikelNr>
								<Bezeichnung>Pistazien-Eis</Bezeichnung>
								<Produkthinweis>Pistazieneis aus 100% sizilianischen Pistazien (aus Bronte)</Produkthinweis>
							</Artikel>
							<EinzelPreis>3</EinzelPreis>
							<Menge>1</Menge>
						</SerializeBestellPosition>
						<SerializeBestellPosition>
							<PositionsNr>5</PositionsNr>
							<Artikel>
								<ArtikelNr>3759</ArtikelNr>
								<Bezeichnung>Prosecco</Bezeichnung>
								<Produkthinweis>1 Glas Cavalier Blanc de Blanc Brut</Produkthinweis>
							</Artikel>
							<EinzelPreis>3.8</EinzelPreis>
							<Menge>2</Menge>
						</SerializeBestellPosition>
						<SerializeBestellPosition>
							<PositionsNr>4</PositionsNr>
							<Artikel>
								<ArtikelNr>3405</ArtikelNr>
								<Bezeichnung>Bruschetta</Bezeichnung>
								<Produkthinweis>6 Bruschetta mit hausgemachtem Pesto, Tomate, Zwiebel &amp; frischem Parmesan überbacken</Produkthinweis>
							</Artikel>
							<EinzelPreis>4.7</EinzelPreis>
							<Menge>2</Menge>
						</SerializeBestellPosition>
						<SerializeBestellPosition>
							<PositionsNr>4</PositionsNr>
							<Artikel>
								<ArtikelNr>1140</ArtikelNr>
								<Bezeichnung>Monkey Dream</Bezeichnung>
								<Produkthinweis>Bananenkuchen mit Vanilleeis und Karamellsoße</Produkthinweis>
							</Artikel>
							<EinzelPreis>4.4</EinzelPreis>
							<Menge>2</Menge>
						</SerializeBestellPosition>
						<SerializeBestellPosition>
							<PositionsNr>4</PositionsNr>
							<Artikel>
								<ArtikelNr>1155</ArtikelNr>
								<Bezeichnung>Walnusskuchen mit Espressoeis</Bezeichnung>
								<Produkthinweis>mit Kaffeebohnen und karamellisierten Obst</Produkthinweis>
							</Artikel>
							<EinzelPreis>5.7</EinzelPreis>
							<Menge>2</Menge>
						</SerializeBestellPosition>
						<SerializeBestellPosition>
							<PositionsNr>4</PositionsNr>
							<Artikel>
								<ArtikelNr>1165</ArtikelNr>
								<Bezeichnung>Coconut</Bezeichnung>
								<Produkthinweis>Wallnuss-Feigeneis mit Kokosnuss Splittern auf einer Waffel mit Batida de Coco und Schlagsahne</Produkthinweis>
							</Artikel>
							<EinzelPreis>5.5</EinzelPreis>
							<Menge>2</Menge>
						</SerializeBestellPosition>
						<SerializeBestellPosition>
							<PositionsNr>4</PositionsNr>
							<Artikel>
								<ArtikelNr>1168</ArtikelNr>
								<Bezeichnung>Passion</Bezeichnung>
								<Produkthinweis>Schokoladeneis mit Creme de Cassis und Schlagsahne</Produkthinweis>
							</Artikel>
							<EinzelPreis>6.5</EinzelPreis>
							<Menge>2</Menge>
						</SerializeBestellPosition>
					</BestellPositionen>
				</SerializeBestellung>
			</Bestellungen>
		</SerializeKunde>
	</Kunden>
</SerializeKunden>