﻿<?xml version="1.0" encoding="utf-8"?>
<SerializeSpeisekarte xmlns:xsi="http://www.w3.org/2001/XMLSchema-instance" xmlns:xsd="http://www.w3.org/2001/XMLSchema">
    <Artikelliste>
		<SerializeSpeisekarteArtikel>     
			<ArtikelNr>1010</ArtikelNr>
			<Bezeichnung>Stilles Wasser</Bezeichnung>
			<Einzelpreis>0.80</Einzelpreis>
		</SerializeSpeisekarteArtikel>
	
		<SerializeSpeisekarteArtikel>     
			<ArtikelNr>1030</ArtikelNr>
			<Bezeichnung>Cappuccino</Bezeichnung>
			<Einzelpreis>3.40</Einzelpreis>
		</SerializeSpeisekarteArtikel>
		
		<SerializeSpeisekarteArtikel>     
			<ArtikelNr>1020</ArtikelNr>
			<Bezeichnung>Latte Macchiato</Bezeichnung>
			<Einzelpreis>3.50</Einzelpreis>
		</SerializeSpeisekarteArtikel>
		
		<SerializeSpeisekarteArtikel>     
			<ArtikelNr>1050</ArtikelNr>
			<Bezeichnung>Grapefruitsaft</Bezeichnung>
			<Einzelpreis>2.50</Einzelpreis>
		</SerializeSpeisekarteArtikel>
		
		<SerializeSpeisekarteArtikel>     
			<ArtikelNr>1050</ArtikelNr>
			<Bezeichnung>Prosecco</Bezeichnung>
			<Produkthinweis>1 Glas Cavalier Blanc de Blanc Brut</Produkthinweis>
			<Einzelpreis>3.80</Einzelpreis>
		</SerializeSpeisekarteArtikel>
		
		<SerializeSpeisekarteArtikel>     
			<ArtikelNr>1115</ArtikelNr>
			<Bezeichnung>Schokoliebe</Bezeichnung>
			<Produkthinweis>Schokoladen- und Vanilleeis mit Eierlikör, Schokoladensoße, hausgemachter Schlagsahne, Schokomandelsplittern und Cookies</Produkthinweis>
			<Einzelpreis>6.50</Einzelpreis>
		</SerializeSpeisekarteArtikel>
		
		<SerializeSpeisekarteArtikel>     
			<ArtikelNr>1116</ArtikelNr>
			<Bezeichnung>Pistazien-Eis</Bezeichnung>
			<Produkthinweis>Pistazieneis aus 100% sizilianischen Pistazien (aus Bronte)</Produkthinweis>
			<Einzelpreis>3</Einzelpreis>
		</SerializeSpeisekarteArtikel>
		
		<SerializeSpeisekarteArtikel>     
			<ArtikelNr>1118</ArtikelNr>
			<Bezeichnung>Heiß-Kalt</Bezeichnung>
			<Produkthinweis>Vanille- und Schokoladeneis, Espressokaffee und Sahne</Produkthinweis>
			<Einzelpreis>3.80</Einzelpreis>
		</SerializeSpeisekarteArtikel>
		
		<SerializeSpeisekarteArtikel>     
			<ArtikelNr>3425</ArtikelNr>
			<Bezeichnung>Tutti Frutti</Bezeichnung>
			<Produkthinweis>Vanilleeis mit Obstsalat und frischem Bio-Obst, angebratenen Mandelsplittern und Karamellsoße</Produkthinweis>
			<Einzelpreis>6</Einzelpreis>
		</SerializeSpeisekarteArtikel>
		
		<SerializeSpeisekarteArtikel>     
			<ArtikelNr>1122</ArtikelNr>
			<Bezeichnung>Pomme Royale</Bezeichnung>
			<Produkthinweis>Warmer Apfelstudel mit Vanilleeis und Rosinen</Produkthinweis>
			<Einzelpreis>5.50</Einzelpreis>
		</SerializeSpeisekarteArtikel>
		
		<SerializeSpeisekarteArtikel>     
			<ArtikelNr>1123</ArtikelNr>
			<Bezeichnung>Delight</Bezeichnung>
			<Produkthinweis>Käsekuchen mit Heidelbeer-Joghurteis, karamellisierten Mandelsplittern und Schlagsahne</Produkthinweis>
			<Einzelpreis>4.80</Einzelpreis>
		</SerializeSpeisekarteArtikel>
		
		<SerializeSpeisekarteArtikel>     
			<ArtikelNr>1131</ArtikelNr>
			<Bezeichnung>Squirrles Nibbles</Bezeichnung>
			<Produkthinweis>Karottenkuchen mit Walnuss-Feigeneis, karamellisierten Mandelsplittern, Minzblättern und Schlagsahne</Produkthinweis>
			<Einzelpreis>5.50</Einzelpreis>
		</SerializeSpeisekarteArtikel>
		
		<SerializeSpeisekarteArtikel>     
			<ArtikelNr>1133</ArtikelNr>
			<Bezeichnung>Chocolate Death</Bezeichnung>
			<Produkthinweis>Schokokuchen mit Schokoladeneis, Crème de Cassis und Schlagsahne</Produkthinweis>
			<Einzelpreis>5.40</Einzelpreis>
		</SerializeSpeisekarteArtikel>
		
		<SerializeSpeisekarteArtikel>     
			<ArtikelNr>1140</ArtikelNr>
			<Bezeichnung>Monkey Dream</Bezeichnung>
			<Produkthinweis>Bananenkuchen mit Vanilleeis und Karamellsoße</Produkthinweis>
			<Einzelpreis>4.40</Einzelpreis>
		</SerializeSpeisekarteArtikel>
		
		<SerializeSpeisekarteArtikel>     
			<ArtikelNr>1150</ArtikelNr>
			<Bezeichnung>Kaiserscharrn</Bezeichnung>
			<Produkthinweis>hausgemachter Kaiserscharrn mit Vanilleeis und Kirschen</Produkthinweis>
			<Einzelpreis>6.50</Einzelpreis>
		</SerializeSpeisekarteArtikel>
		
		<SerializeSpeisekarteArtikel>     
			<ArtikelNr>1155</ArtikelNr>
			<Bezeichnung>Walnut cake</Bezeichnung>
			<Produkthinweis>Wallnusskuchen mit Espressoeis, Kaffeebohnen und karamellisierten Obst</Produkthinweis>
			<Einzelpreis>5.70</Einzelpreis>
		</SerializeSpeisekarteArtikel>
		
		<SerializeSpeisekarteArtikel>     
			<ArtikelNr>1159</ArtikelNr>
			<Bezeichnung>Tokio Ice</Bezeichnung>
			<Produkthinweis>Zitroneneis, Orangensaft und Schlagsahne</Produkthinweis>
			<Einzelpreis>3.50</Einzelpreis>
		</SerializeSpeisekarteArtikel>
		
		<SerializeSpeisekarteArtikel>     
			<ArtikelNr>1165</ArtikelNr>
			<Bezeichnung>Coconut</Bezeichnung>
			<Produkthinweis>Wallnuss-Feigeneis mit Kokosnuss Splittern auf einer Waffel mit Batida de Coco und Schlagsahne</Produkthinweis>
			<Einzelpreis>5.50</Einzelpreis>
		</SerializeSpeisekarteArtikel>
		
		<SerializeSpeisekarteArtikel>     
			<ArtikelNr>1168</ArtikelNr>
			<Bezeichnung>Passion</Bezeichnung>
			<Produkthinweis>Schokoladeneis mit Creme de Cassis und Schlagsahne</Produkthinweis>
			<Einzelpreis>6.50</Einzelpreis>
		</SerializeSpeisekarteArtikel>
		
		<SerializeSpeisekarteArtikel>     
			<ArtikelNr>1170</ArtikelNr>
			<Bezeichnung>Monday</Bezeichnung>
			<Produkthinweis>Vanilleeis mit Baileys und Karamellstückchen und Schlagsahne</Produkthinweis>
			<Einzelpreis>3.50</Einzelpreis>
		</SerializeSpeisekarteArtikel>
		
		<SerializeSpeisekarteArtikel>     
			<ArtikelNr>2150</ArtikelNr>
			<Bezeichnung>Baguette Rustikal</Bezeichnung>
			<Produkthinweis>Rucola Baguette mit Mozzarella, Tomate, frischen Parmesanstreifen und hausgemachtem Pesto</Produkthinweis>
			<Einzelpreis>3.50</Einzelpreis>
		</SerializeSpeisekarteArtikel>
		
		<SerializeSpeisekarteArtikel>     
			<ArtikelNr>2155</ArtikelNr>
			<Bezeichnung>Garlic Baguette</Bezeichnung>
			<Produkthinweis>Knoblauch Baguette mit Zwiebeln, gebratenem Schinken, Gurke und Ei</Produkthinweis>
			<Einzelpreis>3.50</Einzelpreis>
		</SerializeSpeisekarteArtikel>
		
		<SerializeSpeisekarteArtikel>     
			<ArtikelNr>2160</ArtikelNr>
			<Bezeichnung>Bruschetta</Bezeichnung>
			<Produkthinweis>6 Bruschetta mit hausgemachtem Pesto, Tomate, Zwiebel &amp; frischem Parmesan überbacken</Produkthinweis>
			<Einzelpreis>4.70</Einzelpreis>
		</SerializeSpeisekarteArtikel>
	</Artikelliste>
</SerializeSpeisekarte>